{
  "ingredient": "CORN",
  "current_price": 5.100832721759776,
  "seasonal_stats": {
    "1": {
      "p25": 4.770075646614811,
      "median": 4.8861065956672505,
      "p75": 5.046153140812844,
      "mean": 4.912223319646179,
      "seasonal_factor": -0.004186973297211913
    },
    "2": {
      "p25": 4.796171590656284,
      "median": 4.918701001675492,
      "p75": 5.093209356946779,
      "mean": 4.916355539821631,
      "seasonal_factor": 0.06460920945581732
    },
    "3": {
      "p25": 4.8751817453925845,
      "median": 4.996501792011296,
      "p75": 5.182591003787296,
      "mean": 4.9984257402864465,
      "seasonal_factor": 0.14630456662465097
    },
    "4": {
      "p25": 4.948982107527711,
      "median": 5.068519508252411,
      "p75": 5.24984734149966,
      "mean": 5.073268018461818,
      "seasonal_factor": 0.21944999526191364
    },
    "5": {
      "p25": 5.0200420857896315,
      "median": 5.138984364589346,
      "p75": 5.3189090865080715,
      "mean": 5.147166875540722,
      "seasonal_factor": 0.2859830937862635
    },
    "6": {
      "p25": 5.087387955082001,
      "median": 5.189089391788287,
      "p75": 5.375150670581582,
      "mean": 5.2063857224225645,
      "seasonal_factor": 0.34346035887602566
    },
    "7": {
      "p25": 5.132198107564801,
      "median": 5.250299471295953,
      "p75": 5.427404993408371,
      "mean": 5.258307478064743,
      "seasonal_factor": 0.39396954797237144
    },
    "8": {
      "p25": 5.176424127535664,
      "median": 5.284828277422061,
      "p75": 5.469480724673042,
      "mean": 5.300350157465992,
      "seasonal_factor": 0.43268303384652
    },
    "9": {
      "p25": 5.187863271554065,
      "median": 5.310063156415366,
      "p75": 5.499134956958353,
      "mean": 5.324910236945278,
      "seasonal_factor": 0.4555742701729468
    },
    "10": {
      "p25": 5.193533174814345,
      "median": 5.310676731154285,
      "p75": 5.517314815417953,
      "mean": 5.336208018749866,
      "seasonal_factor": 0.4632897471424255
    },
    "11": {
      "p25": 5.193638955061113,
      "median": 5.314038298161884,
      "p75": 5.517212847026937,
      "mean": 5.33626546328616,
      "seasonal_factor": 0.4624526261622977
    },
    "12": {
      "p25": 5.184014904169095,
      "median": 5.3009981672852735,
      "p75": 5.500991681038599,
      "mean": 5.327160648689136,
      "seasonal_factor": 0.45061766993141533
    },
    "13": {
      "p25": 5.1672349015636145,
      "median": 5.279236036202278,
      "p75": 5.477023895260294,
      "mean": 5.308541314058498,
      "seasonal_factor": 0.42835095383975635
    },
    "14": {
      "p25": 5.142658263446286,
      "median": 5.249170040207169,
      "p75": 5.448588133635214,
      "mean": 5.28463737971929,
      "seasonal_factor": 0.402472026481791
    },
    "15": {
      "p25": 5.10809457171017,
      "median": 5.217617700584769,
      "p75": 5.412492931486149,
      "mean": 5.2550088832229465,
      "seasonal_factor": 0.36956389724193484
    },
    "16": {
      "p25": 5.064917198115637,
      "median": 5.179029976335578,
      "p75": 5.3666590256196764,
      "mean": 5.215378291434647,
      "seasonal_factor": 0.3264664970848183
    },
    "17": {
      "p25": 5.027275513129914,
      "median": 5.1312466591314365,
      "p75": 5.325115965989089,
      "mean": 5.171288291800452,
      "seasonal_factor": 0.2813715864399098
    },
    "18": {
      "p25": 4.9855843111548035,
      "median": 5.085734905590975,
      "p75": 5.283095626288239,
      "mean": 5.127800942811626,
      "seasonal_factor": 0.23379686706563949
    },
    "19": {
      "p25": 4.938674700588624,
      "median": 5.042180451161826,
      "p75": 5.2584194960767885,
      "mean": 5.089296458563498,
      "seasonal_factor": 0.19408638225653718
    },
    "20": {
      "p25": 4.898640042137474,
      "median": 5.013630299079239,
      "p75": 5.236033378216897,
      "mean": 5.058419685617345,
      "seasonal_factor": 0.1591490998721206
    },
    "21": {
      "p25": 4.863157503538149,
      "median": 4.99333897436758,
      "p75": 5.202671704955426,
      "mean": 5.028157385211013,
      "seasonal_factor": 0.12649623269055302
    },
    "22": {
      "p25": 4.840947028551638,
      "median": 4.969295586502872,
      "p75": 5.17472257850355,
      "mean": 4.999186241862753,
      "seasonal_factor": 0.09487141142703544
    },
    "23": {
      "p25": 4.823669060419168,
      "median": 4.953814803689674,
      "p75": 5.143045635401211,
      "mean": 4.977253454938681,
      "seasonal_factor": 0.07224574194471743
    },
    "24": {
      "p25": 4.808586986834333,
      "median": 4.93268345472087,
      "p75": 5.122633339018499,
      "mean": 4.960752086655588,
      "seasonal_factor": 0.05174682032484316
    },
    "25": {
      "p25": 4.790907824350439,
      "median": 4.922325814488739,
      "p75": 5.114346410539137,
      "mean": 4.945712056302721,
      "seasonal_factor": 0.03431627098530386
    },
    "26": {
      "p25": 4.779192703947582,
      "median": 4.90844297655909,
      "p75": 5.11227906565874,
      "mean": 4.934205059929561,
      "seasonal_factor": 0.020283092492755013
    },
    "27": {
      "p25": 4.773221044590764,
      "median": 4.89552233744714,
      "p75": 5.097115841025598,
      "mean": 4.923168243069641,
      "seasonal_factor": 0.009016439246478481
    },
    "28": {
      "p25": 4.758718089156655,
      "median": 4.884988226519411,
      "p75": 5.08587217969378,
      "mean": 4.912877248960583,
      "seasonal_factor": -0.0037518720875699984
    },
    "29": {
      "p25": 4.752529944191038,
      "median": 4.879075342303691,
      "p75": 5.061642213280121,
      "mean": 4.9015773053836815,
      "seasonal_factor": -0.017677064266895453
    },
    "30": {
      "p25": 4.73420617684793,
      "median": 4.871630475958292,
      "p75": 5.050643903125996,
      "mean": 4.889861367663632,
      "seasonal_factor": -0.03229155189280094
    },
    "31": {
      "p25": 4.7113781163684205,
      "median": 4.848768269747964,
      "p75": 5.0268167504771295,
      "mean": 4.869610667854731,
      "seasonal_factor": -0.05216749973474267
    },
    "32": {
      "p25": 4.684984559295023,
      "median": 4.817156279883597,
      "p75": 4.998956205664846,
      "mean": 4.847537311600498,
      "seasonal_factor": -0.08007809018265492
    },
    "33": {
      "p25": 4.6512487779521,
      "median": 4.7860411059085575,
      "p75": 4.9635897673219525,
      "mean": 4.818880887902751,
      "seasonal_factor": -0.11190261108583426
    },
    "34": {
      "p25": 4.625266391003043,
      "median": 4.766086615187,
      "p75": 4.935512846956145,
      "mean": 4.788227607828973,
      "seasonal_factor": -0.1461396452938671
    },
    "35": {
      "p25": 4.591147427912064,
      "median": 4.747385258142221,
      "p75": 4.892083286385333,
      "mean": 4.754163081331758,
      "seasonal_factor": -0.18137695244231541
    },
    "36": {
      "p25": 4.558994233339408,
      "median": 4.720896082356896,
      "p75": 4.842983092326473,
      "mean": 4.719036216634467,
      "seasonal_factor": -0.21865006041782184
    },
    "37": {
      "p25": 4.522368426551083,
      "median": 4.680233313900716,
      "p75": 4.815690070899296,
      "mean": 4.684667146511582,
      "seasonal_factor": -0.2576737493334983
    },
    "38": {
      "p25": 4.482025898393403,
      "median": 4.641226738849854,
      "p75": 4.769158065307433,
      "mean": 4.642309203588591,
      "seasonal_factor": -0.30272408451671406
    },
    "39": {
      "p25": 4.44220219491509,
      "median": 4.587132876185134,
      "p75": 4.719745961036033,
      "mean": 4.593121498053216,
      "seasonal_factor": -0.3534123110512301
    },
    "40": {
      "p25": 4.4063259686810134,
      "median": 4.548497506176468,
      "p75": 4.69431819155564,
      "mean": 4.557612730044084,
      "seasonal_factor": -0.391493731052386
    },
    "41": {
      "p25": 4.371658688327913,
      "median": 4.517753342541317,