{
  "ingredient": "CORN",
  "model_type": "xgboost",
  "target": "price_avg_weekly",
  "features": [
    "price_avg_weekly",
    "price_min_weekly",
    "price_max_weekly",
    "n_reports_in_week",
    "price_lag_1w",
    "price_lag_2w",
    "price_lag_4w",
    "price_lag_8w",
    "price_lag_13w",
    "price_lag_26w",
    "price_lag_52w",
    "price_hist_avg_4w",
    "price_hist_avg_12w",
    "price_hist_avg_26w",
    "price_hist_avg_52w",
    "price_hist_std_12w",
    "di_ppi",
    "macro_ppi",
    "year",
    "week_of_year",
    "month",
    "quarter"
  ],
  "horizons_weeks": [
    1,
    2,
    3,
    4,
    5,
    6,
    7,
    8,
    9,
    10,
    11,
    12,
    13
  ],
  "quantiles": [
    0.1,
    0.5,
    0.9
  ],
  "train_end_date": "2025-12-08T00:00:00",
  "n_training_rows": 310,
  "per_horizon": [
    {
      "horizon": 1,
      "n_rows": 257,
      "quantiles": {
        "q10": {
          "mae": 0.15727131637384395,
          "rmse": 0.20790002333860919,
          "mape": 0.030002550536970686
        },
        "q50": {
          "mae": 0.07852599831780252,
          "rmse": 0.09885969553994414,
          "mape": 0.015343254758850167
        },
        "q90": {
          "mae": 0.098503389343139,
          "rmse": 0.12894387312781594,
          "mape": 0.020395738043122155
        }
      },
      "baseline_mae": 0.03492449167365569,
      "skill_vs_naive": -1.2484507162358045
    },
    {
      "horizon": 2,
      "n_rows": 256,
      "quantiles": {
        "q10": {
          "mae": 0.19509814734048225,
          "rmse": 0.2383501065977896,
          "mape": 0.03755672099866212
        },
        "q50": {
          "mae": 0.10364890372472094,
          "rmse": 0.12636472511190744,
          "mape": 0.020451725225724297
        },
        "q90": {
          "mae": 0.13368026548606843,
          "rmse": 0.16596273483021098,
          "mape": 0.02756196734223649
        }
      },
      "baseline_mae": 0.06955767076100106,
      "skill_vs_naive": -0.49011464286745254
    },
    {
      "horizon": 3,
      "n_rows": 255,
      "quantiles": {
        "q10": {
          "mae": 0.1997762334486679,
          "rmse": 0.23813273515403668,
          "mape": 0.03863669778195623
        },
        "q50": {
          "mae": 0.12600757107430816,
          "rmse": 0.14762881565780603,
          "mape": 0.02481717088451804
        },
        "q90": {
          "mae": 0.17470360612031025,
          "rmse": 0.20773203961787937,
          "mape": 0.035897356196687616
        }
      },
      "baseline_mae": 0.10353919066282531,
      "skill_vs_naive": -0.21700363183879778
    },
    {
      "horizon": 4,
      "n_rows": 254,
      "quantiles": {
        "q10": {
          "mae": 0.24539955741384242,
          "rmse": 0.28820284781405403,
          "mape": 0.04738472669334286
        },
        "q50": {
          "mae": 0.14745415869884587,
          "rmse": 0.17346815975840243,
          "mape": 0.029082248286222395
        },
        "q90": {
          "mae": 0.19256387011595139,
          "rmse": 0.23179462615322893,
          "mape": 0.03961250632160936
        }
      },
      "baseline_mae": 0.13722803422811072,
      "skill_vs_naive": -0.07451920832543957
    },
    {
      "horizon": 5,
      "n_rows": 253,
      "quantiles": {
        "q10": {
          "mae": 0.26015423320571,
          "rmse": 0.3105089492796863,
          "mape": 0.05027379000433372
        },
        "q50": {
          "mae": 0.149546874806153,
          "rmse": 0.176374297462233,
          "mape": 0.029428466292130057
        },
        "q90": {
          "mae": 0.2043943841219789,
          "rmse": 0.24575076181180727,
          "mape": 0.04211540060556791
        }
      },
      "baseline_mae": 0.16589481906335918,
      "skill_vs_naive": 0.09854403138992851
    },
    {
      "horizon": 6,
      "n_rows": 252,
      "quantiles": {
        "q10": {
          "mae": 0.25472401746890827,
          "rmse": 0.2984095479530833,
          "mape": 0.049371492095345686
        },
        "q50": {
          "mae": 0.15912017628046787,
          "rmse": 0.1872256524139837,
          "mape": 0.031194969903946972
        },
        "q90": {
          "mae": 0.21372083594129068,
          "rmse": 0.2552591313614843,
          "mape": 0.043982346007135166
        }
      },
      "baseline_mae": 0.19691172436718657,
      "skill_vs_naive": 0.19192126933106224
    },
    {
      "horizon": 7,
      "n_rows": 251,
      "quantiles": {
        "q10": {
          "mae": 0.2820090615072165,
          "rmse": 0.3260055033798858,
          "mape": 0.05451436501683539
        },
        "q50": {
          "mae": 0.1537872289089137,
          "rmse": 0.1814549980829876,
          "mape": 0.029952309428542778
        },
        "q90": {
          "mae": 0.2101546479475238,
          "rmse": 0.2517109276338395,
          "mape": 0.04308177081777384
        }
      },
      "baseline_mae": 0.22683394039398866,
      "skill_vs_naive": 0.3220272564070433
    },
    {
      "horizon": 8,
      "n_rows": 250,
      "quantiles": {
        "q10": {
          "mae": 0.29185778172195376,
          "rmse": 0.33895761698117566,
          "mape": 0.05630123568068659
        },
        "q50": {
          "mae": 0.17063502500203062,
          "rmse": 0.19866898084129458,
          "mape": 0.03332363010443197
        },
        "q90": {
          "mae": 0.21109081938092,
          "rmse": 0.24974764911138245,
          "mape": 0.04315069638542773
        }
      },
      "baseline_mae": 0.2558133052179633,
      "skill_vs_naive": 0.33297048464057544
    },
    {
      "horizon": 9,
      "n_rows": 249,
      "quantiles": {
        "q10": {
          "mae": 0.31579131779385106,
          "rmse": 0.37122409360613384,
          "mape": 0.060812140378451326
        },
        "q50": {
          "mae": 0.18176569081413793,
          "rmse": 0.21305139012616464,
          "mape": 0.03545432686232132
        },
        "q90": {
          "mae": 0.22318087411072787,
          "rmse": 0.26157808745071026,
          "mape": 0.045498602563558636
        }
      },
      "baseline_mae": 0.283648989037603,
      "skill_vs_naive": 0.3591879476431291
    },
    {
      "horizon": 10,
      "n_rows": 248,
      "quantiles": {
        "q10": {
          "mae": 0.31747546954213923,
          "rmse": 0.3739662216136435,
          "mape": 0.061081281157069525
        },
        "q50": {
          "mae": 0.18858431290980876,
          "rmse": 0.21662671530404937,
          "mape": 0.03688249144818978
        },
        "q90": {
          "mae": 0.225366116080709,
          "rmse": 0.265684302031244,
          "mape": 0.04597989711498714
        }
      },
      "baseline_mae": 0.30961571722472225,
      "skill_vs_naive": 0.3909084635618406
    },
    {
      "horizon": 11,
      "n_rows": 247,
      "quantiles": {
        "q10": {
          "mae": 0.31024097200990985,
          "rmse": 0.3647718352301013,
          "mape": 0.05972144015962588
        },
        "q50": {
          "mae": 0.1928892453049847,
          "rmse": 0.22320947726355617,
          "mape": 0.037792100225307546
        },
        "q90": {
          "mae": 0.21284314803411064,
          "rmse": 0.2534832979850492,
          "mape": 0.04356479983712838
        }
      },
      "baseline_mae": 0.3298494855947145,
      "skill_vs_naive": 0.4152204149804636
    },
    {
      "horizon": 12,
      "n_rows": 246,
      "quantiles": {
        "q10": {
          "mae": 0.3237164131370691,
          "rmse": 0.371125039046044,
          "mape": 0.06243521974671773
        },
        "q50": {
          "mae": 0.19078838877658796,
          "rmse": 0.21761281338247937,
          "mape": 0.03732538141630954
        },
        "q90": {
          "mae": 0.2060716278701012,
          "rmse": 0.24794808513669034,
          "mape": 0.04226290821880239
        }
      },
      "baseline_mae": 0.35148779624055865,