{
  "ingredient": "CORN",
  "model_type": "lightgbm",
  "target": "price_avg_weekly",
  "features": [
    "price_avg_weekly",
    "price_min_weekly",
    "price_max_weekly",
    "n_reports_in_week",
    "price_lag_1w",
    "price_lag_2w",
    "price_lag_4w",
    "price_lag_8w",
    "price_lag_13w",
    "price_lag_26w",
    "price_lag_52w",
    "price_hist_avg_4w",
    "price_hist_avg_12w",
    "price_hist_avg_26w",
    "price_hist_avg_52w",
    "price_hist_std_12w",
    "di_ppi",
    "macro_ppi",
    "year",
    "week_of_year",
    "month",
    "quarter"
  ],
  "horizons_weeks": [
    1,
    2,
    3,
    4,
    5,
    6,
    7,
    8,
    9,
    10,
    11,
    12,
    13
  ],
  "quantiles": [
    0.1,
    0.5,
    0.9
  ],
  "train_end_date": "2025-12-08T00:00:00",
  "n_training_rows": 310,
  "per_horizon": [
    {
      "horizon": 1,
      "n_rows": 257,
      "quantiles": {
        "q10": {
          "mae": 0.13566878737267848,
          "rmse": 0.15240436579364788,
          "mape": 0.026858672416271944
        },
        "q50": {
          "mae": 0.0826060752001685,
          "rmse": 0.09990307730211771,
          "mape": 0.016228433163632573
        },
        "q90": {
          "mae": 0.08233685895461496,
          "rmse": 0.10709403054440274,
          "mape": 0.01692506059441097
        }
      },
      "baseline_mae": 0.03492449167365569,
      "skill_vs_naive": -1.365276378882275
    },
    {
      "horizon": 2,
      "n_rows": 256,
      "quantiles": {
        "q10": {
          "mae": 0.15196638452766295,
          "rmse": 0.16743587312371222,
          "mape": 0.030055887773065948
        },
        "q50": {
          "mae": 0.09683144072088147,
          "rmse": 0.1149006447520575,
          "mape": 0.019006668348911168
        },
        "q90": {
          "mae": 0.15135049497086447,
          "rmse": 0.1912904667811579,
          "mape": 0.03138886724026674
        }
      },
      "baseline_mae": 0.06955767076100106,
      "skill_vs_naive": -0.39210297960655716
    },
    {
      "horizon": 3,
      "n_rows": 255,
      "quantiles": {
        "q10": {
          "mae": 0.14389953629452823,
          "rmse": 0.17068184348678858,
          "mape": 0.028210010461330114
        },
        "q50": {
          "mae": 0.11150201898928183,
          "rmse": 0.13194932444540428,
          "mape": 0.022024048183766402
        },
        "q90": {
          "mae": 0.18098278763488124,
          "rmse": 0.22176948303366295,
          "mape": 0.037361859366945825
        }
      },
      "baseline_mae": 0.10353919066282531,
      "skill_vs_naive": -0.07690641848251856
    },
    {
      "horizon": 4,
      "n_rows": 254,
      "quantiles": {
        "q10": {
          "mae": 0.19085998645181165,
          "rmse": 0.2138022841834014,
          "mape": 0.037648333335237774
        },
        "q50": {
          "mae": 0.13802489305460958,
          "rmse": 0.16494746084099893,
          "mape": 0.027208788893406242
        },
        "q90": {
          "mae": 0.20184678806793138,
          "rmse": 0.24670927259969194,
          "mape": 0.04181576969016486
        }
      },
      "baseline_mae": 0.13722803422811072,
      "skill_vs_naive": -0.005806822425032054
    },
    {
      "horizon": 5,
      "n_rows": 253,
      "quantiles": {
        "q10": {
          "mae": 0.19650487499489724,
          "rmse": 0.22495972915049375,
          "mape": 0.03860021298856046
        },
        "q50": {
          "mae": 0.1417681915614939,
          "rmse": 0.16938078910592247,
          "mape": 0.027929689952439985
        },
        "q90": {
          "mae": 0.2195663845691597,
          "rmse": 0.2640399094362098,
          "mape": 0.04549417988256071
        }
      },
      "baseline_mae": 0.16589481906335918,
      "skill_vs_naive": 0.1454332789781141
    },
    {
      "horizon": 6,
      "n_rows": 252,
      "quantiles": {
        "q10": {
          "mae": 0.20094884138393554,
          "rmse": 0.24774548953571762,
          "mape": 0.03926787808432114
        },
        "q50": {
          "mae": 0.15655264764616855,
          "rmse": 0.18196271064727867,
          "mape": 0.030712099471651842
        },
        "q90": {
          "mae": 0.23347204871286156,
          "rmse": 0.28592463570209264,
          "mape": 0.04837485672801417
        }
      },
      "baseline_mae": 0.19691172436718657,
      "skill_vs_naive": 0.20496025237054638
    },
    {
      "horizon": 7,
      "n_rows": 251,
      "quantiles": {
        "q10": {
          "mae": 0.20266752775241414,
          "rmse": 0.24519824101482818,
          "mape": 0.039302297335614966
        },
        "q50": {
          "mae": 0.1453894199533617,
          "rmse": 0.17389290417293726,
          "mape": 0.028272027323968878
        },
        "q90": {
          "mae": 0.2301618291105619,
          "rmse": 0.28015408465085506,
          "mape": 0.04754052776413622
        }
      },
      "baseline_mae": 0.22683394039398866,
      "skill_vs_naive": 0.3590490924734001
    },
    {
      "horizon": 8,
      "n_rows": 250,
      "quantiles": {
        "q10": {
          "mae": 0.20165011164888544,
          "rmse": 0.24655858651012585,
          "mape": 0.039065643115542434
        },
        "q50": {
          "mae": 0.18066864519900244,
          "rmse": 0.2131551295468379,
          "mape": 0.03503044876280759
        },
        "q90": {
          "mae": 0.23704321066108602,
          "rmse": 0.2904078095064685,
          "mape": 0.0489373454845685
        }
      },
      "baseline_mae": 0.2558133052179633,
      "skill_vs_naive": 0.29374805174787355
    },
    {
      "horizon": 9,
      "n_rows": 249,
      "quantiles": {
        "q10": {
          "mae": 0.2383732139256555,
          "rmse": 0.29113755274255243,
          "mape": 0.046139331807810616
        },
        "q50": {
          "mae": 0.16624798744585637,
          "rmse": 0.19359254829339959,
          "mape": 0.032399615766312166
        },
        "q90": {
          "mae": 0.25827167773085025,
          "rmse": 0.3112219044958412,
          "mape": 0.053273830996642846
        }
      },
      "baseline_mae": 0.283648989037603,
      "skill_vs_naive": 0.4138953640909432
    },
    {
      "horizon": 10,
      "n_rows": 248,
      "quantiles": {
        "q10": {
          "mae": 0.24536655462685783,
          "rmse": 0.3013914543675783,
          "mape": 0.04728468844347963
        },
        "q50": {
          "mae": 0.18147496166967372,
          "rmse": 0.21034248302057906,
          "mape": 0.03550787281978673
        },
        "q90": {
          "mae": 0.2719783978939708,
          "rmse": 0.3254901356875019,
          "mape": 0.05619024169710272
        }
      },
      "baseline_mae": 0.30961571722472225,
      "skill_vs_naive": 0.4138703186764988
    },
    {
      "horizon": 11,
      "n_rows": 247,
      "quantiles": {
        "q10": {
          "mae": 0.2646345670781224,
          "rmse": 0.321878228549395,
          "mape": 0.05112432599549873
        },
        "q50": {
          "mae": 0.1808536383088458,
          "rmse": 0.20911951854360183,
          "mape": 0.03546273701296438
        },
        "q90": {
          "mae": 0.24097792614975141,
          "rmse": 0.2901298843382967,
          "mape": 0.04960257262294717
        }
      },
      "baseline_mae": 0.3298494855947145,
      "skill_vs_naive": 0.4517085937461174
    },
    {
      "horizon": 12,
      "n_rows": 246,
      "quantiles": {
        "q10": {
          "mae": 0.2579575119944709,
          "rmse": 0.3143395969495696,
          "mape": 0.04968721945965072
        },
        "q50": {
          "mae": 0.18168136144036684,
          "rmse": 0.20878853016748625,
          "mape": 0.035435375010171896
        },
        "q90": {
          "mae": 0.24905075415853722,
          "rmse": 0.3005070169303693,
          "mape": 0.05138848174414266
        }
      },
      "baseline_mae": 0.35148779624055865,