{
  "ingredient": "CORN",
  "target": "price_avg_weekly",
  "features": [
    "price_avg_weekly",
    "price_min_weekly",
    "price_max_weekly",
    "n_reports_in_week",
    "price_lag_1w",
    "price_lag_2w",
    "price_lag_4w",
    "price_lag_8w",
    "price_lag_13w",
    "price_lag_26w",
    "price_lag_52w",
    "price_hist_avg_4w",
    "price_hist_avg_12w",
    "price_hist_avg_26w",
    "price_hist_avg_52w",
    "price_hist_std_12w",
    "di_ppi",
    "macro_ppi",
    "year",
    "week_of_year",
    "month",
    "quarter"
  ],
  "horizons_weeks": [
    1,
    2,
    3,
    4,
    5,
    6,
    7,
    8,
    9,
    10,
    11,
    12,
    13
  ],
  "quantiles": [
    0.1,
    0.5,
    0.9
  ],
  "train_end_date": "2026-04-06T00:00:00",
  "n_training_rows": 299,
  "per_horizon": [
    {
      "horizon": 1,
      "n_rows": 246,
      "quantiles": {
        "q10": {
          "mae": 0.32105659136441256,
          "rmse": 0.37798557946926364,
          "mape": 0.06171434745591322
        },
        "q50": {
          "mae": 0.31416068783689516,
          "rmse": 0.38344110033538675,
          "mape": 0.06409077564627416
        },
        "q90": {
          "mae": 0.4807471881488083,
          "rmse": 0.554572772554098,
          "mape": 0.09661272214487242
        }
      },
      "baseline_mae": 0.09839263816794361,
      "skill_vs_naive": -2.192928797179553
    },
    {
      "horizon": 2,
      "n_rows": 245,
      "quantiles": {
        "q10": {
          "mae": 0.36583145155887486,
          "rmse": 0.42457480446714263,
          "mape": 0.07206107006598314
        },
        "q50": {
          "mae": 0.3693477636972631,
          "rmse": 0.43758761513661104,
          "mape": 0.07715758781874661
        },
        "q90": {
          "mae": 0.46631423458400584,
          "rmse": 0.5343217300049861,
          "mape": 0.09536473808857424
        }
      },
      "baseline_mae": 0.15020645772325947,
      "skill_vs_naive": -1.4589339852335095
    },
    {
      "horizon": 3,
      "n_rows": 244,
      "quantiles": {
        "q10": {
          "mae": 0.40426319375154696,
          "rmse": 0.4668676013401858,
          "mape": 0.07840539594298437
        },
        "q50": {
          "mae": 0.3849731468657402,
          "rmse": 0.4584130714944501,
          "mape": 0.07952472217792475
        },
        "q90": {
          "mae": 0.5703052510008809,
          "rmse": 0.6283082968464561,
          "mape": 0.1160354422159019
        }
      },
      "baseline_mae": 0.18614522446713289,
      "skill_vs_naive": -1.0681333510853177
    },
    {
      "horizon": 4,
      "n_rows": 243,
      "quantiles": {
        "q10": {
          "mae": 0.36948499650586514,
          "rmse": 0.43417163541155335,
          "mape": 0.07333033135103187
        },
        "q50": {
          "mae": 0.4170222134550424,
          "rmse": 0.48845204668070547,
          "mape": 0.08753584855055706
        },
        "q90": {
          "mae": 0.5916963975207798,
          "rmse": 0.6669412942408974,
          "mape": 0.12273176550239111
        }
      },
      "baseline_mae": 0.22372121049968435,
      "skill_vs_naive": -0.8640262696756273
    },
    {
      "horizon": 5,
      "n_rows": 242,
      "quantiles": {
        "q10": {
          "mae": 0.387480440756934,
          "rmse": 0.45280847953997333,
          "mape": 0.07587955397073429
        },
        "q50": {
          "mae": 0.4288777310565767,
          "rmse": 0.4931219098895867,
          "mape": 0.08862191415807498
        },
        "q90": {
          "mae": 0.612051441852633,
          "rmse": 0.6861352286139668,
          "mape": 0.12659885369281199
        }
      },
      "baseline_mae": 0.26371187153926345,
      "skill_vs_naive": -0.6263118097537832
    },
    {
      "horizon": 6,
      "n_rows": 241,
      "quantiles": {
        "q10": {
          "mae": 0.3906248465178782,
          "rmse": 0.4570206243284187,
          "mape": 0.07722415318401536
        },
        "q50": {
          "mae": 0.4534397730756684,
          "rmse": 0.5215621960567136,
          "mape": 0.09377027213842584
        },
        "q90": {
          "mae": 0.6888382259425485,
          "rmse": 0.7532660451824167,
          "mape": 0.13998960640156827
        }
      },
      "baseline_mae": 0.29398720477832146,
      "skill_vs_naive": -0.5423792794573519
    },
    {
      "horizon": 7,
      "n_rows": 240,
      "quantiles": {
        "q10": {
          "mae": 0.38199129199203463,
          "rmse": 0.45343255651715764,
          "mape": 0.07582793037744055
        },
        "q50": {
          "mae": 0.5301916851183973,
          "rmse": 0.6065712852514268,
          "mape": 0.11009786642443364
        },
        "q90": {
          "mae": 0.7389424418352436,
          "rmse": 0.7927597174926208,
          "mape": 0.14955366252118865
        }
      },
      "baseline_mae": 0.3259710883816469,
      "skill_vs_naive": -0.6264991099383912
    },
    {
      "horizon": 8,
      "n_rows": 239,
      "quantiles": {
        "q10": {
          "mae": 0.38533829205303166,
          "rmse": 0.45490911518120525,
          "mape": 0.07739165846877996
        },
        "q50": {
          "mae": 0.4958331119635046,
          "rmse": 0.5753966819725795,
          "mape": 0.10452993441194307
        },
        "q90": {
          "mae": 0.7056014009960657,
          "rmse": 0.7589567625711178,
          "mape": 0.14362628113000897
        }
      },
      "baseline_mae": 0.35377077260643064,
      "skill_vs_naive": -0.4015660714717042
    },
    {
      "horizon": 9,
      "n_rows": 238,
      "quantiles": {
        "q10": {
          "mae": 0.38426098482869453,
          "rmse": 0.4509478235851264,
          "mape": 0.07775616886858755
        },
        "q50": {
          "mae": 0.4960875488094606,
          "rmse": 0.5789341923246487,
          "mape": 0.10485635877588965
        },
        "q90": {
          "mae": 0.742988872548279,
          "rmse": 0.7913817033851147,
          "mape": 0.1527700679950849
        }
      },
      "baseline_mae": 0.3793770020781403,
      "skill_vs_naive": -0.30763737941943425
    },
    {
      "horizon": 10,
      "n_rows": 237,
      "quantiles": {
        "q10": {
          "mae": 0.4121187739256672,
          "rmse": 0.48134190411068645,
          "mape": 0.08294133924344242
        },
        "q50": {
          "mae": 0.5568997097691917,
          "rmse": 0.6404880519238016,
          "mape": 0.11808315416066299
        },
        "q90": {
          "mae": 0.7380531069254396,
          "rmse": 0.7885188665197844,
          "mape": 0.15280725091950817
        }
      },
      "baseline_mae": 0.4111460861422067,
      "skill_vs_naive": -0.35450568189665765
    },
    {
      "horizon": 11,
      "n_rows": 236,
      "quantiles": {
        "q10": {
          "mae": 0.39407792292643107,
          "rmse": 0.46560213441196885,
          "mape": 0.07976639431754114
        },
        "q50": {
          "mae": 0.5447494713081875,
          "rmse": 0.6305941835176471,
          "mape": 0.11557924075910431
        },
        "q90": {
          "mae": 0.7758017199409585,
          "rmse": 0.8350223564883915,
          "mape": 0.1628281178877125
        }
      },
      "baseline_mae": 0.43749294214505,
      "skill_vs_naive": -0.24516173595224933
    },
    {
      "horizon": 12,
      "n_rows": 235,
      "quantiles": {
        "q10": {
          "mae": 0.40787158689152864,
          "rmse": 0.4810322186466654,
          "mape": 0.08336558317369314
        },
        "q50": {
          "mae": 0.5465452506009433,
          "rmse": 0.60083973267922,
          "mape": 0.11427852029015047
        },
        "q90": {
          "mae": 0.7972321305871075,
          "rmse": 0.8464995539136104,
          "mape": 0.16622585619834154
        }
      },
      "baseline_mae": 0.4512432406438946,
      "skill_vs_naive": -0.21119875351719153
    },
    {
      "horizon": 13,
      "n_rows": 234,